username,password,firstname,lastname,email
491-77-6365,ACGMThSSReHe,Honorable,Carmita Rawcliff,crawcliff0@constantcontact.com
601-53-6898,ElApIYB0OY2j,Dr,Beatriz Deakin,bdeakin1@t.co
603-74-6409,KS6jlQ8p,Ms,Benni Blunderfield,bblunderfield2@amazon.com
130-75-9611,IZ4YgedITFM,Rev,Gabriel Hayhurst,ghayhurst3@pbs.org
408-79-8603,BH14RjUz,Mrs,Sherry Hoffner,shoffner4@arstechnica.com
337-06-4374,Z70lk6Q,Rev,Amble Grizard,agrizard5@cmu.edu
730-31-9084,gK7eIQmdg0N8,Mr,Moyra Latta,mlatta6@nydailynews.com
282-46-7484,R2SiJXNvo,Rev,Alice Denyukin,adenyukin7@bandcamp.com
320-16-2992,R2XgRKD,Ms,Suzanna Kulas,skulas8@163.com
539-17-9046,K2FVpiQpz,Honorable,Jillane Malin,jmalin9@bloglovin.com
466-06-0270,whCwOLIUuzq,Dr,Corbie Christian,cchristiana@dell.com
331-24-6903,zYrDaLu6cH5W,Rev,Valina Dancer,vdancerb@nationalgeographic.com
232-45-2874,ALdjH2pOiO,Honorable,Kristen Thomke,kthomkec@people.com.cn
640-34-9222,fcPSsJEt,Mrs,Halimeda Sames,hsamesd@ehow.com
414-84-0141,tQLhWOyT,Ms,Delmar Albrooke,dalbrookee@columbia.edu
258-79-9222,g8fucTRYZ,Rev,Nelly Friett,nfriettf@elpais.com
383-25-7133,KOoScwey9,Mr,Burl Rentilll,brentilllg@craigslist.org
487-89-4823,vonOrZX5,Mrs,Orly Swannell,oswannellh@baidu.com
645-60-8633,2YdlGCYUmBIb,Mr,Ronni Reynoollds,rreynoolldsi@earthlink.net
544-37-7534,3fks6O,Ms,Lindsey Rippin,lrippinj@cbc.ca
312-54-7886,TkwKOMbZ,Honorable,Eadith Hailes,ehailesk@canalblog.com
268-96-7655,Mljw4S,Rev,Jourdan Yerlett,jyerlettl@newyorker.com
579-65-2379,cmiv6e,Dr,Aryn Eagland,aeaglandm@posterous.com
671-46-8252,X8a9DT,Mrs,Pepita Byart,pbyartn@soup.io
529-94-3440,yHIfavALhWy,Ms,Ilsa Heephy,iheephyo@vinaora.com
485-87-2159,akoOCrF,Mrs,Abbey Gianasi,agianasip@sourceforge.net
751-72-0086,Fp3ileTE3eT,Rev,Ware Raisbeck,wraisbeckq@dropbox.com
779-90-2218,hAGDci8,Ms,Kevina Greasty,kgreastyr@census.gov
698-97-7895,v9BHouy,Mrs,Jeanette Falshaw,jfalshaws@people.com.cn
415-18-5644,0H6b0cbX,Rev,Ganny McCaw,gmccawt@gov.uk
117-98-9116,XqBWmnbs3Pe,Dr,Jodie Lorent,jlorentu@berkeley.edu
809-28-9383,dIpzVE,Mr,Amerigo Skeermer,askeermerv@infoseek.co.jp
789-81-2412,17DoPXKs,Mrs,Audie Tunnah,atunnahw@bbb.org
164-92-0581,FbaYwAuTN,Mr,Maribelle Papa,mpapax@unblog.fr
210-11-9835,gN3uUUplJ7n,Mr,Roderich Pedel,rpedely@amazon.co.uk
414-15-5391,iiLRE99Odj,Mr,Saxe Dowgill,sdowgillz@cornell.edu
594-08-3620,SekCq1A,Honorable,Stesha Espinay,sespinay10@sohu.com
261-21-4210,vpsDUXoJig,Mr,Renae MacDwyer,rmacdwyer11@squidoo.com
313-34-0541,khgWk55jAc,Rev,Gerty Laroze,glaroze12@intel.com
861-83-2575,HulykF,Mr,Kaye Slimme,kslimme13@google.cn
