username,password,firstname,lastname,email
9890061058,zw7dx4tUCTO2,Mella,Pearle,mpearle0@lulu.com
9452083611,MqUbm3RMVmSh,Cortney,Bensley,cbensley1@virginia.edu
7940399152,ROvKqWs3L,Marlyn,Matieu,mmatieu2@rambler.ru
1691781428,bMPNQy,Mildrid,Fowell,mfowell3@google.es
2932659308,4U5nNyFF4x9p,Kellby,Baddeley,kbaddeley4@diigo.com
6632465765,ChOi7tqs2XcH,Clim,McGinlay,cmcginlay5@wsj.com
3679193637,PvUZ5bmoGOH,Gaye,Dewane,gdewane6@istockphoto.com
4341538683,qsk30wWO1mtF,Kynthia,Pollicote,kpollicote7@dion.ne.jp
8228935250,MxuDjDOtNK,Gregg,Bamling,gbamling8@free.fr
7590518840,b39vtf2KThM,Emeline,Vickars,evickars9@flavors.me
5552088085,Ovga0rCbHOq,Buddy,Gleeson,bgleesona@biblegateway.com
9041122966,wwKUfMDJ7,Bord,Minter,bminterb@squidoo.com
5368138849,mgbDS2wNn,Xerxes,Fannin,xfanninc@pagesperso-orange.fr
4343372960,QVk5IA6,Agretha,Downton,adowntond@ezinearticles.com
0944607462,qcOYexmC4,Kathi,Baughn,kbaughne@ox.ac.uk
9432255115,xxuOlh,Marcile,Enrigo,menrigof@soundcloud.com
7743070565,UNCQrG,Lotte,Woolbrook,lwoolbrookg@1und1.de
2200060424,Mqkmag,Carola,Cuniam,ccuniamh@google.de
3086055189,vh8lF0vANJ,Derby,Foskew,dfoskewi@sogou.com
1383804273,NXOwrHC1vb,Zachery,Simkovich,zsimkovichj@newyorker.com
6216318306,NBOViI33vM,Carola,Spinnace,cspinnacek@people.com.cn
0775516732,ZGWNyUOU,Jojo,Fillery,jfilleryl@nymag.com
4009198451,mXddFfpkX,Silvan,Fairbourn,sfairbournm@so-net.ne.jp
4936735655,EGZeqoKHmnCO,Bret,Serris,bserrisn@storify.com
3799881344,Kvwc3H,Modesta,Churchlow,mchurchlowo@squidoo.com
1402897731,T5ueaoI,Gabriele,Atyea,gatyeap@tuttocitta.it
9900271602,KbaECefw,Honor,McCague,hmccagueq@networkadvertising.org
3600996258,G26AgERS7WiC,Tudor,Kield,tkieldr@bandcamp.com
0648438333,LitIJljw,Lara,Caig,lcaigs@bravesites.com
4652526172,4KMmgtal,Travis,Grigorushkin,tgrigorushkint@amazonaws.com
7606947481,jHCofO74,Jena,Marsh,jmarshu@cbsnews.com
9275615411,eMIzu0zi9iK,Pearla,Rosensaft,prosensaftv@paginegialle.it
0658532405,CYJb3CsVW5,Hort,Malarkey,hmalarkeyw@examiner.com
2364469236,KXpl9rA68,Amery,Wines,awinesx@admin.ch
6936651518,IU1gv5,Tonia,Rathjen,trathjeny@t.co
6423751528,Vro7YaQR8pd,Rutledge,Domini,rdominiz@amazon.com
0690026161,14Yk2MR,Emelia,Willford,ewillford10@instagram.com
4958491090,UIzQRw4Dbj,Rafaellle,Kaemena,rkaemena11@weibo.com
7070548508,F57JxK4h3x,Tonya,Klulicek,tklulicek12@comsenz.com
5129891848,OuxwOMO7EXU,Kerstin,Dossettor,kdossettor13@businessinsider.com
7647158538,tLa44hk,Felicio,Arnett,farnett14@boston.com
6784951999,InKS0t7,Jefferey,Benbrick,jbenbrick15@pen.io
0729180824,Vin65S,Magda,Olman,molman16@about.com
1460646479,kJGHKOD3O,Collie,Geleman,cgeleman17@home.pl
3943389200,DPDXPwA,Margarette,Bramhall,mbramhall18@facebook.com
6982163318,OYNdKk7ZcA,Kalina,Wantling,kwantling19@joomla.org
1549831917,XLbnD5ZYI,Merv,Dressell,mdressell1a@usgs.gov
8063753135,8kPXgHcLstfp,Germaine,Le Lievre,glelievre1b@oracle.com
9451475559,bH77YcX,Shurwood,Stranahan,sstranahan1c@craigslist.org
9513472175,BAqVCExf,Hendrik,Abramcik,habramcik1d@eventbrite.com
6706693006,df9XuVbx,Latrena,Sabathe,lsabathe1e@techcrunch.com
5513734117,XdV6nY,Marquita,Scamwell,mscamwell1f@cisco.com
1094053481,EgD8O6P1qG,Goldi,Coch,gcoch1g@tamu.edu
4263945603,GpjTgN8D9X,Lucina,Scrange,lscrange1h@dion.ne.jp
9631879534,hiFvr6Dcpr,Hardy,Stener,hstener1i@google.es
3451360810,sFpkVes00Hk,Keefe,Cogar,kcogar1j@yandex.ru
6551428347,HbNAGo23Ku,Tailor,Maryan,tmaryan1k@jigsy.com
2187576884,QzAm80UWZu6F,Bobette,Ingerith,bingerith1l@elpais.com
1224661524,cb8hrIC,Derron,Jaime,djaime1m@histats.com
0176786015,FHnEk3l,Boyce,Ewdale,bewdale1n@wiley.com
1125606266,oqMXiKkvu,Kristo,Everard,keverard1o@myspace.com
7370413195,JEgRPCaI,Brody,Curle,bcurle1p@ibm.com
8301979275,uOlTQIex73,Laurene,Solleme,lsolleme1q@unblog.fr
7074551570,tH5UlqM6yRcJ,Jody,Smelley,jsmelley1r@nydailynews.com
1673703488,tcNJj0mUo6,Carmine,Cohani,ccohani1s@go.com
9323910406,hpsirjq4,Ardine,Shah,ashah1t@engadget.com
8929025129,AEH0Zd1X9,Duncan,Chatenier,dchatenier1u@mapquest.com
0846415100,cgwXaesxW,Deena,MacGoun,dmacgoun1v@examiner.com
2681644240,cXcgKd9vGU0,Brade,Gatehouse,bgatehouse1w@paypal.com
8539462354,nSZI3YRQ,Sean,Reolfi,sreolfi1x@shareasale.com
0655379088,yeh0q0n,Gardener,Treharne,gtreharne1y@rambler.ru
8795077537,eTJ1J4S0oP,Kayla,Greneham,kgreneham1z@wordpress.org
6828661060,rneiZwHHTkA,Jayson,Iacomini,jiacomini20@google.co.uk
1012095630,r7wE6l3zfM,Brit,Stranks,bstranks21@tiny.cc
7639990149,cCUVxQtN3,Dorolisa,Flacke,dflacke22@army.mil
1249121647,mZ9xsIZww,Jereme,Yesinin,jyesinin23@sun.com
7119160575,6kA9rpRG3Lp,L;urette,Triebner,ltriebner24@vk.com
4074366924,yrtgwn5,Kylynn,Daft,kdaft25@seesaa.net
1388771187,tn5dVAmFTmYu,Natasha,Hyndman,nhyndman26@google.es
8701267914,OHjLoWQpnFqJ,Angele,Munnings,amunnings27@mysql.com
6926858845,REpR5c,Sarena,Stagge,sstagge28@topsy.com
9002402341,bT78Vu,Damian,Tripney,dtripney29@unc.edu
5247376803,Y1J05c4d4mae,Libbey,Simkin,lsimkin2a@patch.com
8107912241,6Mivz34zqZMZ,Demott,Gowdie,dgowdie2b@ihg.com
9646227031,X3l8j0VkRAB,Hinze,Bruckental,hbruckental2c@engadget.com
2536908690,44nQ54nddM,Neille,Benbrick,nbenbrick2d@bigcartel.com
8667554642,R8jvlPhUd22,Pippy,Bilbery,pbilbery2e@netlog.com
9516647308,XZdt0OK7d,Louie,Spensly,lspensly2f@blogspot.com
3363108796,Dyv38idGHT,Inna,Paulet,ipaulet2g@cbc.ca
6992874802,9V9itrJ,Lani,Tubby,ltubby2h@seesaa.net
1311861114,N0sSSrDMWZaL,Adrianne,Melato,amelato2i@yellowbook.com
0130051632,rGteldj0,Sara,Suston,ssuston2j@forbes.com
0035953756,yRu13R0d9,Elsy,Dullingham,edullingham2k@istockphoto.com
6742726296,rgbvmWcObW,Cariotta,McCaw,cmccaw2l@upenn.edu
8820453037,r7sjhVp,Brina,O'Nolan,bonolan2m@ucla.edu
1524623539,32guCGN,Helene,Jagoe,hjagoe2n@plala.or.jp
8314326437,JQ3Mlj6,Ginni,Bingley,gbingley2o@nytimes.com
3880802106,tdSfISt,Kattie,Jankin,kjankin2p@vk.com
5435636361,yhQv20m,Milissent,Mendez,mmendez2q@baidu.com
2077755849,qZe2Dt,Karissa,Molian,kmolian2r@yale.edu
7111180593,4PBnn7iO1nmW,Gilbert,O'Keeffe,gokeeffe2s@harvard.edu
9156800827,8XpSvmC,Louise,McElmurray,lmcelmurray2t@youtu.be
3736424663,PQsrGJXLiZE,Veda,Fairpool,vfairpool2u@t-online.de
6919600749,S0loxqg6Tf,Bendick,Brusin,bbrusin2v@hao123.com
5255207918,ZZ6l9Bgm,Arabele,Harley,aharley2w@soup.io
9228955848,8Aa9UXDl6veD,Taffy,Josling,tjosling2x@prnewswire.com
1509434933,S1D1g3txf34,Tann,Stenners,tstenners2y@walmart.com
2400228353,JeMHbb,Cary,Biggans,cbiggans2z@topsy.com
3020274168,0o2aPwA,Maggee,MacElharge,mmacelharge30@gmpg.org
3199640737,u9tWmMazK0,Kara,Selburn,kselburn31@flickr.com
8667680583,lbx1AKx23,Dody,Feaveer,dfeaveer32@opensource.org
6197638630,g7jb0DMY6Wka,Dara,Legh,dlegh33@bigcartel.com
7455532016,bmDwTS,Ynez,Clemits,yclemits34@delicious.com
1620989107,mDmezb,Penny,Starkie,pstarkie35@rakuten.co.jp
9127815269,fqt9DC9o0c,Caressa,Blazewski,cblazewski36@ox.ac.uk
9524941333,hMXCHQ,Carrie,Topliss,ctopliss37@histats.com
8717210097,wajGeQa4D,Kelcie,Mohun,kmohun38@unc.edu
3693449724,8nZLv7CWcRx,Ray,Smale,rsmale39@webeden.co.uk
0966014863,D9Az1kKvHyN,Lamont,Giacomuzzi,lgiacomuzzi3a@ed.gov
3045954189,sF2VCpyTS,Oneida,Tweedy,otweedy3b@facebook.com
3495343547,8y23wdXrqtsM,Alfy,Vooght,avooght3c@google.co.jp
6954949310,skJtzljSCy,Halie,Towe,htowe3d@dailymail.co.uk
5439101292,ZUWt8pReD0O,Gerti,Breslau,gbreslau3e@aboutads.info
5970290254,V7kbzagf72Wu,Karel,Boynton,kboynton3f@gmpg.org
6598444837,Oe83LUVmxj,Stesha,Jerram,sjerram3g@auda.org.au
8949465760,yd4Dwb608,Mommy,Quincey,mquincey3h@hubpages.com
4490854110,Ffxp3EtpZ,Jacob,Blezard,jblezard3i@google.co.uk
2223742947,Q0MPhl8WG,Kathi,Binley,kbinley3j@timesonline.co.uk
3502700478,m3WuiF2NctC,Noe,Stringman,nstringman3k@free.fr
1467694991,ZKizaB,Carolyn,Jones,cjones3l@a8.net
2227471956,06deJrc,Timoteo,Swansborough,tswansborough3m@wordpress.com
4345548284,ZGrH3i5urnr,Any,Jepson,ajepson3n@seesaa.net
0168374528,P6Gi1eaAe4,Daisy,Awmack,dawmack3o@upenn.edu
3742203940,O2dRQjD,Alina,Spada,aspada3p@youku.com
8373138250,rvYz7E,Welbie,Dabbs,wdabbs3q@howstuffworks.com
8965235448,EnqXyBrHyOG,Glendon,Kirkam,gkirkam3r@sitemeter.com
4965023277,sh4mtnWrJSvr,Gavrielle,Gilchrist,ggilchrist3s@de.vu
3624793691,HixduoK,Maurise,Audibert,maudibert3t@usnews.com
7097971754,v75RHYLdb,Harley,McFadden,hmcfadden3u@google.it
3739345942,QJFsj86PZ,Reinhard,Quartermain,rquartermain3v@chron.com
2094270939,GmqKqr70,Malvin,Wessing,mwessing3w@cafepress.com
0636636879,DXF96L,Nikolia,Slayton,nslayton3x@hao123.com
8708868875,7bAr6Nfor8,Luke,MacFarland,lmacfarland3y@techcrunch.com
0729169669,DGYvZxhxLsi1,Elsbeth,Shoutt,eshoutt3z@hugedomains.com
7830349835,N5v1fKIRsEPz,Silvester,Swaby,sswaby40@gov.uk
1799560139,YrT7XUHj9B,Geralda,Fann,gfann41@wiley.com
1656505991,kIbsHNCgE,Tildi,Fasset,tfasset42@gmpg.org
6118915172,7rorknaKjqI,Charlot,Lightewood,clightewood43@reverbnation.com
7860246422,EXhTFA1E,Pincus,Goligly,pgoligly44@flickr.com
0070717125,7OLsfg3f5,Sadella,Selborne,sselborne45@storify.com
7481918309,njyW4xJhCTW,Maddy,Hanes,mhanes46@goo.ne.jp
3314751397,W04WeEACRX,Jo,Bignal,jbignal47@amazon.de
6937849540,rWG5Kdd,Marigold,Oxtiby,moxtiby48@cmu.edu
7873381722,UIbdgNp,Ariel,Presnail,apresnail49@feedburner.com
7039783800,RMVzZRWalEV6,Lesly,Tetlow,ltetlow4a@chron.com
4715858800,oJxEnr1hSSa,Irma,Matthessen,imatthessen4b@opensource.org
3991453827,ulDyTUIx2A9p,Sonya,Bebbington,sbebbington4c@opera.com
2920438042,HEQWAiPge,Herb,Bogace,hbogace4d@mysql.com
8455411023,WLolIy7u,Cindra,Bynold,cbynold4e@phoca.cz
7741407074,RVVfKe2PXYd8,Pierrette,East,peast4f@lycos.com
4150518998,OlJBr5wpZFE,Catherina,Bowdery,cbowdery4g@illinois.edu
6942147516,YRKYLX,Kingsly,Boyson,kboyson4h@fc2.com
5256427997,uYXR3nN,Klarrisa,Giacopazzi,kgiacopazzi4i@seattletimes.com
6627891891,nJJhMa,Brenden,Sumshon,bsumshon4j@chronoengine.com
8419854204,No1GTqHWdkB,Clarance,Marklund,cmarklund4k@bizjournals.com
7924928308,cw7FZLRAR93J,Samantha,Stegell,sstegell4l@cnet.com
6026878726,kmHFa02Zs7c,Wanids,Rookwell,wrookwell4m@samsung.com
2288876743,Nm6sIVAcbcFd,Gustav,Rawes,grawes4n@twitter.com
4413905210,oo7Jk3EB7MR4,Allegra,Lehrer,alehrer4o@tinyurl.com
7589303895,ZEYd4qeihxTS,Derrek,Le Sieur,dlesieur4p@cyberchimps.com
1516766717,RpqBcwnkXoYY,Bernadina,cornhill,bcornhill4q@tiny.cc
7344427435,Y6U7iNK0dNkn,Odilia,Charteris,ocharteris4r@state.gov
4812479649,iZqFirzK5,Brynna,Cadlock,bcadlock4s@goodreads.com
7530003194,b2l14pNZ,Leyla,Lorriman,llorriman4t@businessweek.com
0333353900,xZsgZ4,Roderic,Simes,rsimes4u@yellowpages.com
5517288421,RbUk9l7xHhV,Hartwell,Tompkins,htompkins4v@topsy.com
1038176824,f0YpToKqpR,Harris,Gandy,hgandy4w@simplemachines.org
6098038678,wMqhB2eciG,Jethro,Diggin,jdiggin4x@independent.co.uk
8607944304,VOtgUWFvg,Agustin,Remmers,aremmers4y@homestead.com
3698618826,x5BmqVzYpOl,Kerby,Fussen,kfussen4z@army.mil
5070128051,IfZR59,Elwood,Edlyne,eedlyne50@fc2.com
9229961647,nqYUCse,Chariot,Stronge,cstronge51@wired.com
4417864950,j0iioSUETpE,Minna,Downe,mdowne52@privacy.gov.au
5792894000,zYuSWLQwgGy,Terrel,Badby,tbadby53@spiegel.de
5161721774,06sXWpCb1Bly,Uriel,Uglow,uuglow54@tripod.com
9539071879,OT3N5UCEdNg,Celestina,Jacobsson,cjacobsson55@homestead.com
4795027706,j4EG6EPxQsKH,Nolly,Van der Beken,nvanderbeken56@indiegogo.com
8826650322,moBHhG3A7zp,Colman,Jeffries,cjeffries57@mozilla.com
4793649467,MUdJxHyO,Tabbie,Virgin,tvirgin58@diigo.com
6872234903,KXEY2lex,Patrick,Wrightson,pwrightson59@oracle.com
5113780960,ubSFCA,Starr,Alebrooke,salebrooke5a@uiuc.edu
1714604802,HSKhaFMfcAwy,Cirillo,Jouannot,cjouannot5b@arstechnica.com
3286669121,PKLalz,Nicole,Bleakman,nbleakman5c@thetimes.co.uk
5290531904,kMgsgHQ,Hattie,Farrance,hfarrance5d@usatoday.com
1386780863,7CAJZu,Jacinta,Quinane,jquinane5e@ibm.com
2133758283,dVzTuulnLPX,Jeralee,Hadwen,jhadwen5f@techcrunch.com
7159721799,iB5AqBk,Karol,Moxsom,kmoxsom5g@surveymonkey.com
3501229437,nm5jOgFkXh,Dominick,Harsum,dharsum5h@github.io
8878482234,uI9tnRr5S0,Mirabel,Yarrall,myarrall5i@amazon.de
5609470277,PjrDKP1,Kev,Eckart,keckart5j@alibaba.com
0527699519,W9O48XGr9oU,Nat,Gaenor,ngaenor5k@wikipedia.org
9684920148,wFMzLS,Carilyn,Paddison,cpaddison5l@amazon.co.uk
4114187677,MSsCM6,Maurits,Abramowitch,mabramowitch5m@dot.gov
7558744229,4vwUijh6b,Micheline,Roubert,mroubert5n@europa.eu
1244361127,K0Bv3O8UfXw,Duane,O'Crigane,docrigane5o@tinypic.com
0068230877,C9Ki3qQAHKp,Martin,Clynman,mclynman5p@amazon.com
1094903159,RyLxmd8,Sholom,Clift,sclift5q@icq.com
4337417915,5MyXprm,Rona,Gilvary,rgilvary5r@mapy.cz
8314079189,GxFyxZPMa,Vicky,Tout,vtout5s@jalbum.net
2333405333,GWYW7lt0taK,Danice,Aries,daries5t@cmu.edu
1103860542,bxNObe,Baldwin,Colvine,bcolvine5u@artisteer.com
7640023467,HYIszZqW,Kipper,Maltman,kmaltman5v@cnn.com
5125548715,mnKbCD,Cosmo,Gailor,cgailor5w@gravatar.com
2023851505,kcRdx2wI,Gerald,De Meis,gdemeis5x@github.com
5694271483,H0qHFBzLHz,Rosina,Hurley,rhurley5y@etsy.com
8440249276,hnEhCj,Bette-ann,Schuster,bschuster5z@nhs.uk
8056698655,iWuSEeRIfZ,Kirstin,Bernucci,kbernucci60@economist.com
8357524680,ZLdsqqUEc19,Brendon,Hearn,bhearn61@wunderground.com
0923965734,m3itf7Hv0,Chaddie,Storre,cstorre62@disqus.com
5568986673,0cqMFux,Elvina,Rowbotham,erowbotham63@elegantthemes.com
3100912063,WvebpWk,Donnamarie,McTrusty,dmctrusty64@cbslocal.com
3804884466,PuXevB,Timmy,Pounder,tpounder65@quantcast.com
4430887616,2l8slrMF5Fm,Doloritas,Waldie,dwaldie66@sakura.ne.jp
4512029931,tG0F4HXS5,Rurik,Shatliff,rshatliff67@bravesites.com
2231999056,Y6MKAMSltb,Rowe,Guittet,rguittet68@salon.com
5576656385,Kv5nQx,Rikki,Rubinsztein,rrubinsztein69@virginia.edu
8705710952,As4mfwhvh4,L;urette,Gollin,lgollin6a@jimdo.com
2210778050,bJFMly,Dena,Fremantle,dfremantle6b@ucoz.ru
5373675024,cv3Om15algA,Lucita,Alonso,lalonso6c@cnet.com
2904924248,froAa8qwowIv,Crin,Knott,cknott6d@51.la
2217332945,XKsyyO,Margie,Tromans,mtromans6e@booking.com
4573808086,3Lr1s3UZ,Jessee,Redemile,jredemile6f@imdb.com
6655300061,IcQPEPK,Bernelle,Froude,bfroude6g@senate.gov
2715484275,v6v8bKmpIvB,Lolly,Gunthorp,lgunthorp6h@hao123.com
5257803844,egcCzGGaV2,Teddie,Pfeffle,tpfeffle6i@cisco.com
8200085872,SzIu93,Colas,Stern,cstern6j@storify.com
1033003522,Co0cIMMWfpuV,Saudra,Goldhawk,sgoldhawk6k@jiathis.com
6552393032,DawCtc0EK,Louisa,Gawen,lgawen6l@technorati.com
6978377902,Clw82azm1Xqb,Gretchen,Tortoishell,gtortoishell6m@taobao.com
6840169839,AC3W6AtGMc,Eugen,Smeeton,esmeeton6n@indiegogo.com
7360393531,PRQvTVUNfEo,Lemuel,Cubitt,lcubitt6o@cdc.gov
6689797228,XCE6b1SK,Terry,Mapham,tmapham6p@furl.net
6065123382,LvSrflSga87e,Bernette,Gilks,bgilks6q@soup.io
5652146672,PIrJWF,Revkah,Haycox,rhaycox6r@nsw.gov.au
2287579125,5Z3AB19aZz,Leone,Bodham,lbodham6s@mtv.com
8804033894,40LitxsYP,Mallorie,Le Ball,mleball6t@barnesandnoble.com
7963674672,2fwQ5ewA,Lyndy,Bennington,lbennington6u@sourceforge.net
9100391468,rlO747FJu,Alexi,Spours,aspours6v@usgs.gov
9222330102,wmusarPgkEU,Salomo,Howler,showler6w@domainmarket.com
2560251949,eskqRQ9fer,Lilia,Yegorkov,lyegorkov6x@miibeian.gov.cn
3072237565,bQuRIEqQ,Aldo,McDuall,amcduall6y@irs.gov
6286573917,FbvCowpNTI1,Tillie,Westby,twestby6z@cnn.com
4804906339,5tlGiaUjdms,Hartley,Cussins,hcussins70@moonfruit.com
7661801450,0RouQU,Leland,Evangelinos,levangelinos71@blog.com
5266710381,AWUezgno9kh,Hersch,Morsley,hmorsley72@1und1.de
8837078536,uzlOjMiojgwG,Wernher,Keeting,wkeeting73@shop-pro.jp
4368223128,Ngk2x6jPK1,Cacilie,Hellyer,chellyer74@stumbleupon.com
8619499777,EV6kNbcY8,Willard,Virgo,wvirgo75@mediafire.com
5611409288,mClQYZiwv,Melanie,Lyston,mlyston76@youtube.com
1588722309,r56Kl6M,Averill,Talkington,atalkington77@aol.com
4527165860,TFTILk4A,Dunc,Eldon,deldon78@unc.edu
9506898596,u0v6nfOBrSV,Burnaby,Lob,blob79@jigsy.com
5655145731,go0p3H,Darcy,Saull,dsaull7a@barnesandnoble.com
5637309728,UcrDEMbS,Effie,Binks,ebinks7b@state.tx.us
3993626478,6Asx6n,Lewes,Pabel,lpabel7c@vistaprint.com
0288567331,4Xj6Xne,Joni,Thom,jthom7d@sogou.com
9878658406,aD8yQ2,Hyman,Cunney,hcunney7e@nymag.com
6791654945,hsG5XwMwKNy,Delmor,McLice,dmclice7f@a8.net
4451809053,rE8ei2CWPyp,Joanna,Joyson,jjoyson7g@skyrock.com
3556882884,K1g82CGDai,Eirena,Jurick,ejurick7h@yellowpages.com
2462972773,uKmUH4AnYP2u,Sibylla,Braley,sbraley7i@blogspot.com
7831953124,WDK9AaTAI,Ellie,Pillman,epillman7j@nyu.edu
3557054241,0fG4Lf,Korrie,Greedyer,kgreedyer7k@cloudflare.com
1209312387,jfGyqqq,Kynthia,Foakes,kfoakes7l@timesonline.co.uk
0674472446,SfdCqN,Marcille,Langsbury,mlangsbury7m@va.gov
5157759355,CEOxoM,Rozalie,Craggs,rcraggs7n@flavors.me
9188080145,vh5DYK85,Imelda,McLoney,imcloney7o@guardian.co.uk
9886991372,cl11Dl,Burke,Salmoni,bsalmoni7p@cisco.com
0934539707,tB0ePe2,Violetta,Simcoe,vsimcoe7q@issuu.com
6444940265,IfpJ4S00z,Lucius,Asbery,lasbery7r@prnewswire.com
3338650922,7ny5v3,Lexi,Farnish,lfarnish7s@google.com.au
8252994806,JP1KsVev,Luigi,Stemson,lstemson7t@behance.net
3347185846,0pBIH7Y,Yasmeen,Broke,ybroke7u@unicef.org
1978349246,egcbDL,Merell,Davidson,mdavidson7v@yale.edu
3901783105,NYXOeOwSq,Nan,Bollands,nbollands7w@shareasale.com
9041649905,995Lb9G,Sonny,Reignould,sreignould7x@sogou.com
7542009907,razuHiXR0W,Caressa,Vooght,cvooght7y@squarespace.com
7056338364,5iflw11,Kayla,Vassano,kvassano7z@shop-pro.jp
1662051417,fNfvBN96ZHi,Quintus,Glyde,qglyde80@nydailynews.com
4649335442,diaV64,Aldridge,Fold,afold81@google.com.hk
2546814826,n6EbD3ZsHc,Dwight,Comberbach,dcomberbach82@hud.gov
8541087867,fzLZU2MfAzKN,Ewen,Lindenboim,elindenboim83@wp.com
7970685846,YvXqpj4ZsLW,Haydon,Slark,hslark84@ibm.com
8201506952,8eBFcIChqNf,Candice,Erskine,cerskine85@mysql.com
9949715539,KfnyvAyfnc,Felita,Hellens,fhellens86@thetimes.co.uk
5132862195,zVh47d1T,Merle,Cruwys,mcruwys87@psu.edu
5805113848,vMZlmsTCh,Jarrod,Beggan,jbeggan88@is.gd
4645835904,8EeFLgyuVBg,Morna,Jaime,mjaime89@imgur.com
2612507868,6xotHkvB5,Dannie,Viel,dviel8a@phoca.cz
5075618871,ivAgyrrf7hZ1,Rudolph,Clapton,rclapton8b@newsvine.com
7841017197,GaFAgg,Rhodia,McGinny,rmcginny8c@photobucket.com
9357317899,A0Y27Nbvzky,Barnard,Oade,boade8d@is.gd
3980405648,4r1ASmueoq,Rubina,Kenset,rkenset8e@toplist.cz
9905919139,T3Nz3gWewPA4,Tove,Shawdforth,tshawdforth8f@cbslocal.com
7655883904,pQ2uis6vlLAy,Richardo,Wenzel,rwenzel8g@vinaora.com
5111801367,XnNeG9MKR,Dare,Coners,dconers8h@liveinternet.ru
5043242329,w1ooa3LKOb,Karly,Bassingden,kbassingden8i@businessinsider.com
6561577876,qAij3EX,Marlyn,Bertenshaw,mbertenshaw8j@ucsd.edu
8516570398,Cn78hmi,Jacky,Tripcony,jtripcony8k@about.me
6592696672,5ds8Y8z5JNRL,Madelle,Climar,mclimar8l@archive.org
7378046264,13JDiawSlFp,Ewell,Rangall,erangall8m@businessweek.com
8405081437,et0KJL,Kristoforo,Murcutt,kmurcutt8n@illinois.edu
2191098622,uHoY3u7H1H1,Aldin,Denis,adenis8o@odnoklassniki.ru
2810534837,kqRn8vUOBx,Catharine,Bowers,cbowers8p@elegantthemes.com
8624854377,R9WnjnZVDh,Egor,Veryan,everyan8q@photobucket.com
1056059206,Gax9gMS,Margarita,Clementson,mclementson8r@yolasite.com
3691951015,g77bhdF1ADy,Lane,Foster-Smith,lfostersmith8s@mit.edu
9783975498,LGxXvIETI,Chloette,Pretor,cpretor8t@epa.gov
6518568763,n5LbhXB,Fey,Ferrara,fferrara8u@nifty.com
1512049751,829dYSBRGI,Killy,McNea,kmcnea8v@nifty.com
6083849802,CqYFvu,Kennett,Piniur,kpiniur8w@businessweek.com
3461067148,twBmJPUs7,Ofelia,Newis,onewis8x@ezinearticles.com
5770023066,BWoSQwCp,Hazlett,Rowlatt,hrowlatt8y@clickbank.net
3748077319,TCCnKAh6QeSG,Pooh,Honisch,phonisch8z@cyberchimps.com
2126094464,PpnloB5,Suzy,Amthor,samthor90@answers.com
8007601635,jUeqV7SOgmFI,Tedie,Meecher,tmeecher91@cyberchimps.com
0508689767,cnG3RDJ,Larry,Dougill,ldougill92@tumblr.com
8731395686,iscL6v,Angel,Ridding,aridding93@washingtonpost.com
2052021485,p3iYklBEcz,Jerrie,MacLise,jmaclise94@google.ru
1853683930,L8OejfC,Niall,Baurerich,nbaurerich95@shop-pro.jp
1011024500,VsperdZd,Leland,Di Ruggiero,ldiruggiero96@lulu.com
7024077557,zZrGL1cb,Lynn,Mayberry,lmayberry97@oracle.com
0383425859,Gtv57O,Mick,St. Clair,mstclair98@twitter.com
2402997443,bCcHBgq53,Ruthe,Meddows,rmeddows99@washingtonpost.com
0840686730,8ALj1tnb,Sapphira,Liggett,sliggett9a@facebook.com
5238485212,EkFKiih,Gayle,Grewer,ggrewer9b@plala.or.jp
3883929123,f74Vq8sN,Liane,Jiggen,ljiggen9c@infoseek.co.jp
1618533975,8y0FgRuIC9,Tally,Conboy,tconboy9d@smh.com.au
6461800646,ZCKyyZXy8L,Pepe,Camden,pcamden9e@omniture.com
6029737643,P17wa97pvZ3g,Dotty,Rosenwald,drosenwald9f@canalblog.com
0891367268,T1vyuO,Graig,Vassar,gvassar9g@mit.edu
7618766487,OLVXl1Vlg13,Brent,Bonnefin,bbonnefin9h@chronoengine.com
9923390039,HNXAC0y0,Malchy,Belk,mbelk9i@multiply.com
3765144584,d60TrGlu,Evvie,Joincey,ejoincey9j@bloglovin.com
9325827387,Gy3N8z,Myrilla,Sueter,msueter9k@icq.com
4294441380,0ai4hOx7OL,Sammie,Fessier,sfessier9l@ezinearticles.com
0924373121,zQWk4MqEaib,Kerwinn,Adnams,kadnams9m@i2i.jp
0318858916,fp7YtjcaK4xH,Genovera,Joreau,gjoreau9n@unc.edu
0338997067,K0LUfUI,Vittoria,McGibbon,vmcgibbon9o@europa.eu
2708114239,kUMBW5b,Damon,Pratley,dpratley9p@e-recht24.de
7913627921,zZ1Gaoq,Latia,Abarough,labarough9q@squarespace.com
1875622802,mGa2YycUBQb,Shell,Gainsford,sgainsford9r@squidoo.com
8447520366,jIJcNe,Felita,Lyman,flyman9s@simplemachines.org
2004398450,QS9vVg,Stanleigh,Burwood,sburwood9t@biglobe.ne.jp
1888586095,5vyUVbjGdc,Laurella,Perrott,lperrott9u@cdc.gov
0848411226,yRSvE7vLTp,Sibyl,Counter,scounter9v@ft.com
4277991173,FwypfAdEC,Adrian,Grafhom,agrafhom9w@cargocollective.com
6428085933,Qq6ECibISzQ,Georgi,Clibbery,gclibbery9x@so-net.ne.jp
0853264600,iCMD1Bkt,Catha,Durdy,cdurdy9y@netvibes.com
3308483890,JLF1utgoioQ,Dena,Zaniolini,dzaniolini9z@wisc.edu
5247657217,XNhvicqB,Leonid,Bufton,lbuftona0@uiuc.edu
2968291653,8JHQTDVEr,Bambie,Trymme,btrymmea1@technorati.com
7457450319,VrwRbfT,Glenn,Clague,gclaguea2@dailymail.co.uk
5281374508,iKjsrq3o,Buckie,Gadsdon,bgadsdona3@over-blog.com
2173936670,xTnvoIcxfoeh,Gypsy,Drover,gdrovera4@addtoany.com
2299414436,ez7ejHk399R,Zarla,Vance,zvancea5@twitter.com
8868299887,MkLw8Zv,Reade,Wagnerin,rwagnerina6@google.cn
7116537228,iNpM3fC6Am,Trey,Fauguel,tfauguela7@harvard.edu
5663324984,DouVxSvUBV0,Coop,Piccop,cpiccopa8@github.io
4017780865,cmkf6J8T,Ralph,Tommasetti,rtommasettia9@sun.com
8776876888,AJLaY3Cucdh,Berny,Chatenet,bchatenetaa@ibm.com
1033537411,NmVjbTeL6gfS,Merline,McDavitt,mmcdavittab@stanford.edu
6342721831,8UN40jeXztPS,Madella,Salvin,msalvinac@si.edu
3206468256,dzd5kS76kd,Nicolis,Canedo,ncanedoad@ibm.com
5619500225,1BDnGxq9J,Carmelia,Konzelmann,ckonzelmannae@mediafire.com
1098869591,YCkmprKmWcA,Giovanni,Brandrick,gbrandrickaf@google.nl
1871505828,VGQdu7T,Kimberly,Meekin,kmeekinag@bing.com
1340449706,lR1R6w,Kristy,Rameaux,krameauxah@admin.ch
1466157194,UX5HnXSaO,Louie,Fancourt,lfancourtai@mapquest.com
0276011740,Z7hV1C4x,Jessie,Baddow,jbaddowaj@wp.com
4030332080,gJkQRYu,Rusty,Clampett,rclampettak@abc.net.au
3444947259,LOA5QpWT0WY5,Marylynne,Roly,mrolyal@amazon.de
9948195000,NNMsucyD,Kass,Feyer,kfeyeram@parallels.com
8727049671,kQjhQpxJadrY,Dick,Erington,deringtonan@comsenz.com
8613229433,RtSfpLK,Noll,Tiron,ntironao@liveinternet.ru
9991504508,uzg5Dg6QD,Elga,Chrstine,echrstineap@cornell.edu
6165853617,OuAWt8Q2mAyC,Arlan,Astin,aastinaq@myspace.com
0554372495,sqYwNqv5W,Dorree,Keston,dkestonar@phpbb.com
5974277066,7ZEvVE0QBpUU,Milton,Velez,mvelezas@mapquest.com
6644397204,fG9nTHm,Inge,Fardon,ifardonat@meetup.com
2610963394,3PgApCyw,Adria,Colyer,acolyerau@mozilla.org
5934263242,tvBy7vyzyKIt,Jeddy,Gunningham,jgunninghamav@pagesperso-orange.fr
8589527042,gUjsuY,Daffy,Connah,dconnahaw@cnet.com
3013792698,2yVPn9AOy,Kelwin,de Aguirre,kdeaguirreax@narod.ru
1754072984,U8Ex3XikE,Adham,MacCarroll,amaccarrollay@amazon.de
8649876285,uWbLvHOJ7JN,Norma,Bonfield,nbonfieldaz@issuu.com
4166474359,yGiNsC,Vassili,Tulk,vtulkb0@china.com.cn
2947308395,xIvvzC,Vally,Gaythorpe,vgaythorpeb1@biblegateway.com
4336509506,Xt7OGKWlb,Conchita,Bellchamber,cbellchamberb2@digg.com
6376100376,RLXxCZ6uG1N,Pammy,Durbyn,pdurbynb3@fastcompany.com
